id,first_name,last_name,email,gender,ip_address
1,Dannie,Ambroise,dambroise0@tuttocitta.it,Male,176.108.117.161
2,Thelma,Gladebeck,tgladebeck1@state.gov,Female,73.123.123.239
3,Sarena,Cornewell,scornewell2@nyu.edu,Female,251.107.184.114
4,Kermy,Drayson,kdrayson3@xinhuanet.com,Male,249.245.247.89
5,Kaia,Miche,kmiche4@pagesperso-orange.fr,Female,140.252.206.139
6,Giffy,Vyel,gvyel5@domainmarket.com,Male,15.148.23.57
7,Leeann,Greystoke,lgreystoke6@accuweather.com,Female,175.49.180.204
8,Quillan,D'Antonio,qdantonio7@fotki.com,Male,189.115.210.4
9,Cleo,Abell,cabell8@dell.com,Female,10.9.62.227
10,Jay,Humphries,jhumphries9@independent.co.uk,Male,162.102.41.203
